{
  "description": {
    "title": "Ivo Camisas",
    "text": "<b>A Loja Ivo Camisas é um E-commerce de vendas de produtos importados</b>. Nascemos no ano de 2015 com a fundação da Ivo Camisas – Uma Loja virtual com produtos a pronta entrega em Porto Alegre - RS. Ampliamos nossa atuação para o atacado em 2017, Decidimos focar todos os nossos esforços a uma operação exclusivamente online, com a venda de produtos sob encomenda.<br><br>- Missão:<br><br>Conectar as pessoas a uma vida com mais estilo e simplicidade.<br><br>- Visão<br><br>- Transparência<br><br>- Inovação<br><br>- Foco no resultado"
  },
  "links_1": {
    "list_pages": true,
    "title": "Páginas",
    "list": []
  },
  "links_2": {
    "list_categories": false,
    "title": "",
    "list": []
  },
  "contacts": {
    "title": "Contatos",
    "phone_wpp": true,
    "socials": false,
    "email": true,
    "address": true
  },
  "stamps": [
    {
      "src": "/img/uploads/ssl-safe.png",
      "alt": "Secure connection"
    }
  ],
  "payment_methods": {
    "bb": true,
    "visa": true,
    "boleto": true,
    "aura": true,
    "banrisul": true,
    "elo": true,
    "hipercard": true,
    "hsbc": true,
    "bradesco": true,
    "santander": true,
    "mastercard": true,
    "citibank": true,
    "hiper": true,
    "diners": true,
    "mais": true,
    "amex": true,
    "itau": true
  },
  "credits": "Ivo Camisas - © 2021 Todos os direitos reservados"
}