{
  "marketing_stripe": {
    "text": "Artigos esportivos e muito mais você encontra aqui",
    "link": "/promotion",
    "background": "#f8cd4d",
    "color": "#000000"
  },
  "contacts_stripe": {
    "pages": [
      {
        "title": "Sobre nós",
        "link": "/pages/sobre-nos"
      }
    ],
    "phone_wpp": true,
    "socials": true
  },
  "categories_list": {
    "featured": [
      "/futebol/?Futebol",
      "/basquete/?Basquete",
      "/promocao/?Promoção",
      "/novidades-da-semana/?Novidades da semana"
    ],
    "random": 0,
    "full_width": false
  },
  "search_input": true
}