{
  "meta_title": "Ivo Camisas",
  "meta_description": "Artigos esportivos e muito mais você encontra aqui!",
  "sections": [
    {
      "type": "banner-slider",
      "autoplay": 9000,
      "slides": []
    },
    {
      "type": "custom-html",
      "html": "\n\n\n\n\n\n\n\n\n\n\n\n"
    },
    {
      "type": "collection-shelf",
      "shuffle": true,
      "collection_id": "5fda5a3769274c73fce9e379:categories:Campeonato Brasileiro :/campeonato-brasileiro/",
      "limit": 12,
      "page": 1,
      "sort": "views"
    },
    {
      "type": "collection-shelf",
      "shuffle": true,
      "limit": 12,
      "page": 1,
      "collection_id": "5fda5ae269274c73fce9e518:categories:NBA:/nba/",
      "sort": "news"
    },
    {
      "type": "collection-shelf",
      "shuffle": true,
      "limit": 12,
      "page": 1,
      "collection_id": "5fda5a3c69274c73fce9e386:categories:Campeonato Inglês :/campeonato-ingles/",
      "sort": "news"
    },
    {
      "type": "info-bar",
      "enabled": true
    }
  ]
}